variant	program	size	real_s	user_s	rss_mb
c-gc	nqueens	10	0,02	0,02	4,1
c-arena	nqueens	10	0,02	0,02	5,4
rust	nqueens	10	0,02	0,02	3,7
go	nqueens	10	0,03	0,03	9,7
go-1core	nqueens	10	0,03	0,03	8,5
c-gc	nqueens	11	0,14	0,13	4,6
c-arena	nqueens	11	0,13	0,13	17,5
rust	nqueens	11	0,14	0,13	10,1
go	nqueens	11	0,20	0,21	23,2
go-1core	nqueens	11	0,20	0,20	21,6
c-gc	nqueens	12	0,84	0,84	5,2
c-arena	nqueens	12	0,84	0,83	68,6
rust	nqueens	12	0,85	0,84	40,3
go	nqueens	12	1,20	1,31	86,6
go-1core	nqueens	12	1,27	1,26	84,8
c-gc	efib	100	0,01	0,00	4,1
c-arena	efib	100	0,00	0,00	9,0
rust	efib	100	0,00	0,00	8,0
go	efib	100	0,01	0,02	21,4
go-1core	efib	100	0,01	0,01	20,9
c-gc	efib	150	0,02	0,02	4,4
c-arena	efib	150	0,02	0,02	24,6
rust	efib	150	0,02	0,02	15,8
go	efib	150	0,03	0,09	52,4
go-1core	efib	150	0,05	0,05	55,2
c-gc	efib	200	0,06	0,05	4,4
c-arena	efib	200	0,05	0,05	56,7
rust	efib	200	0,05	0,05	30,8
go	efib	200	0,07	0,22	108,1
go-1core	efib	200	0,15	0,14	126,4
c-gc	propc	2	0,07	0,07	6,8
c-arena	propc	2	0,06	0,05	48,8
rust	propc	2	0,05	0,05	24,9
go	propc	2	0,13	0,30	31,7
go-1core	propc	2	0,23	0,23	35,1
c-gc	propc	3	0,52	0,52	16,1
c-arena	propc	3	0,33	0,31	226,6
rust	propc	3	0,29	0,28	90,2
go	propc	3	0,64	2,13	129,5
go-1core	propc	3	1,32	1,30	181,7
